Time, setTemp,  TempRilevata, Switch 
2016/12/01 20:05:40, 15, 20.0, 10
2016/12/01 20:10:40, 15, 20.0, 10
2016/12/01 21:08:24, 15, 20.0, 10
2016/12/01 22:25:33, 15, 20.0, 10
2016/12/01 22:54:55, 15, 20.0, 10
2016/12/01 23:00:00, 19.5, 20.0, 10
2016/12/01 23:05:05, 19.5, 20.0, 10
2016/12/01 23:10:05, 15, 20.0, 10
2016/12/01 23:15:05, 15, 20.0, 10
2016/12/01 23:20:10, 15, 20.0, 10
2016/12/02 19:43:54, 15, 20.0, 10
2016/12/02 19:52:03, 15, 20.0, 10
2016/12/02 19:57:03, 15, 20.0, 10
2016/12/02 20:02:03, 15, 20.0, 10
2016/12/02 20:07:08, 15, 20.0, 10
2016/12/02 20:24:06, 22.5, 20.0, 12
2016/12/02 20:29:06, 22.5, 20.0, 12
2016/12/02 20:34:06, 19.0, 20.0, 10
2016/12/02 20:40:27, 19.0, 20.0, 10
2016/12/02 20:45:32, 19.0, 20.0, 10
2016/12/02 20:59:19, 19.0, 20.0, 10
2016/12/02 21:04:19, 21.5, 20.0, 12
2016/12/02 21:09:19, 21.5, 20.0, 12
2016/12/02 21:44:36, 21.5, 20.0, 12
2016/12/02 21:49:36, 21.5, 20.0, 12
2016/12/02 21:54:36, 21.5, 20.0, 12
2016/12/02 21:59:41, 21.5, 20.0, 12
2016/12/02 22:09:24, 21.5, 20.0, 12
2016/12/03 08:56:45, 21.5, 20.0, 12
2016/12/03 09:31:04, 19.0, 20.0, 10
2016/12/03 13:05:36, 19.5, 20.0, 10
2016/12/03 13:10:36, 19.5, 20.0, 10
2016/12/03 13:15:36, 19.5, 20.0, 10
2016/12/03 13:20:36, 19.5, 20.0, 10
2016/12/03 13:25:36, 19.5, 20.0, 10
2016/12/03 13:30:36, 19.5, 20.0, 10
2016/12/03 13:35:36, 19.5, 20.0, 10
2016/12/03 13:40:41, 19.5, 20.0, 10
2016/12/03 13:45:41, 19.5, 20.0, 10
2016/12/03 13:50:41, 19.5, 20.0, 10
2016/12/03 14:55:41, 19.5, 20.0, 10
2016/12/03 15:00:41, 21.0, 20.0, 12
2016/12/03 15:05:42, 15, 20.0, 10
2016/12/03 15:10:42, 15, 20.0, 10
2016/12/03 15:15:42, 15, 20.0, 10
2016/12/03 15:20:42, 15, 20.0, 10
2016/12/03 15:25:42, 15, 20.0, 10
2016/12/03 15:30:42, 15, 20.0, 10
2016/12/03 15:35:42, 15, 20.0, 10
2016/12/03 15:40:47, 15, 20.0, 10
2016/12/03 15:45:47, 15, 20.0, 10
2016/12/03 15:50:52, 15, 20.0, 10
2016/12/03 15:55:52, 15, 20.0, 10
2016/12/03 16:00:52, 15, 20.0, 10
2016/12/03 16:05:52, 15, 20.0, 10
2016/12/03 16:17:42, 18.0, 20.0, 10
2016/12/03 16:22:43, 18.0, 20.0, 10
2016/12/03 16:40:42, 18.0, 20.0, 10
2016/12/03 16:45:42, 18.0, 20.0, 10
2016/12/03 16:50:43, 18.0, 20.0, 10
2016/12/03 16:55:43, 18.0, 20.0, 10
2016/12/03 17:00:43, 18.0, 20.0, 10
2016/12/03 17:05:43, 18.0, 20.0, 10
2016/12/03 17:10:48, 18.0, 20.0, 10
2016/12/03 17:15:53, 18.0, 20.0, 10
2016/12/03 17:20:53, 18.0, 20.0, 10
2016/12/03 17:25:53, 18.0, 20.0, 10
2016/12/03 17:30:53, 21.0, 20.0, 12
2016/12/03 17:35:53, 21.0, 20.0, 12
2016/12/03 17:40:53, 21.0, 20.0, 12
2016/12/03 17:45:53, 21.0, 20.0, 12
2016/12/03 17:50:58, 21.0, 20.0, 12
2016/12/03 17:56:03, 21.0, 20.0, 12
2016/12/03 18:01:03, 21.0, 20.0, 12
2016/12/03 18:06:08, 21.0, 20.0, 12
2016/12/03 18:11:13, 21.0, 20.0, 12
2016/12/03 18:16:13, 21.0, 20.0, 12
2016/12/03 18:21:13, 21.0, 20.0, 12
2016/12/03 18:26:18, 21.0, 20.0, 12
2016/12/03 18:31:18, 21.0, 20.0, 12
2016/12/03 18:36:18, 21.0, 20.0, 12
2016/12/03 18:41:18, 21.0, 20.0, 12
2016/12/03 18:46:23, 21.0, 20.0, 12
2016/12/03 18:51:28, 21.0, 20.0, 12
2016/12/03 18:56:28, 21.0, 20.0, 12
2016/12/03 19:01:28, 21.0, 20.0, 12
2016/12/03 19:06:33, 21.0, 20.0, 12
2016/12/03 19:11:33, 21.0, 20.0, 12
2016/12/03 19:16:33, 21.0, 20.0, 12
2016/12/03 19:21:33, 21.0, 20.0, 12
2016/12/03 19:26:38, 21.0, 20.0, 12
2016/12/03 19:31:38, 21.0, 20.0, 12
2016/12/03 19:36:38, 21.0, 20.0, 12
2016/12/03 19:41:38, 21.0, 20.0, 12
2016/12/03 19:46:38, 21.0, 20.0, 12
2016/12/03 19:51:43, 21.0, 20.0, 12
2016/12/03 19:56:43, 21.0, 20.0, 12
2016/12/03 20:01:43, 21.0, 20.0, 12
2016/12/03 20:06:48, 21.0, 20.0, 12
2016/12/03 20:11:48, 21.0, 20.0, 12
2016/12/03 20:16:48, 21.0, 20.0, 12
2016/12/03 20:21:48, 21.0, 20.0, 12
2016/12/03 20:26:49, 21.0, 20.0, 12
2016/12/03 20:31:49, 21.0, 20.0, 12
2016/12/03 20:36:49, 21.0, 20.0, 12
2016/12/03 20:41:49, 21.0, 20.0, 12
2016/12/03 20:46:49, 21.0, 20.0, 12
2016/12/03 20:51:49, 21.0, 20.0, 12
2016/12/03 20:56:49, 21.0, 20.0, 12
2016/12/03 21:01:49, 21.0, 20.0, 12
2016/12/03 21:06:54, 21.0, 20.0, 12
2016/12/03 21:11:54, 21.0, 20.0, 12
2016/12/03 21:16:54, 21.0, 20.0, 12
2016/12/03 21:21:54, 21.0, 20.0, 12
2016/12/03 21:26:54, 21.0, 20.0, 12
2016/12/03 21:31:54, 21.0, 20.0, 12
2016/12/03 21:36:59, 21.0, 20.0, 12
2016/12/03 21:41:59, 21.0, 20.0, 12
2016/12/03 21:46:59, 21.0, 20.0, 12
2016/12/03 21:51:59, 21.0, 20.0, 12
2016/12/03 21:56:59, 21.0, 20.0, 12
2016/12/03 22:01:59, 21.0, 20.0, 12
2016/12/03 22:06:59, 21.0, 20.0, 12
2016/12/03 22:11:59, 21.0, 20.0, 12
2016/12/03 22:16:59, 21.0, 20.0, 12
2016/12/03 22:21:59, 21.0, 20.0, 12
2016/12/03 22:26:59, 21.0, 20.0, 12
2016/12/03 22:32:04, 21.0, 20.0, 12
2016/12/03 22:37:04, 21.0, 20.0, 12
2016/12/03 22:42:04, 21.0, 20.0, 12
2016/12/03 22:47:04, 21.0, 20.0, 12
2016/12/03 22:52:05, 21.0, 20.0, 12
2016/12/03 22:57:05, 21.0, 20.0, 12
2016/12/03 23:02:05, 21.0, 20.0, 12
2016/12/03 23:07:10, 21.0, 20.0, 12
2016/12/03 23:12:15, 21.0, 20.0, 12
2016/12/03 23:17:15, 21.0, 20.0, 12
2016/12/03 23:22:15, 21.0, 20.0, 12
2016/12/03 23:27:15, 21.0, 20.0, 12
2016/12/03 23:32:20, 21.0, 20.0, 12
2016/12/03 23:37:20, 21.0, 20.0, 12
2016/12/03 23:42:20, 21.0, 20.0, 12
2016/12/03 23:47:20, 21.0, 20.0, 12
2016/12/03 23:52:20, 21.0, 20.0, 12
2016/12/03 23:57:20, 21.0, 20.0, 12
2016/12/04 00:02:20, 21.0, 20.0, 12
2016/12/04 00:07:25, 21.0, 20.0, 12
2016/12/04 00:12:30, 21.0, 20.0, 12
2016/12/04 00:17:35, 21.0, 20.0, 12
2016/12/04 00:22:35, 21.0, 20.0, 12
2016/12/04 00:27:35, 21.0, 20.0, 12
2016/12/04 00:32:35, 21.0, 20.0, 12
2016/12/04 00:37:40, 21.0, 20.0, 12
2016/12/04 00:42:45, 21.0, 20.0, 12
2016/12/04 00:47:45, 21.0, 20.0, 12
2016/12/04 00:52:45, 21.0, 20.0, 12
2016/12/04 00:57:45, 21.0, 20.0, 12
2016/12/04 01:02:50, 21.0, 20.0, 12
2016/12/04 01:07:55, 21.0, 20.0, 12
2016/12/04 01:12:55, 21.0, 20.0, 12
2016/12/04 01:17:55, 21.0, 20.0, 12
2016/12/04 01:22:55, 21.0, 20.0, 12
2016/12/04 01:27:55, 21.0, 20.0, 12
2016/12/04 01:32:55, 21.0, 20.0, 12
2016/12/04 01:37:55, 21.0, 20.0, 12
2016/12/04 01:42:55, 21.0, 20.0, 12
2016/12/04 01:48:00, 21.0, 20.0, 12
2016/12/04 01:53:00, 21.0, 20.0, 12
2016/12/04 01:58:00, 21.0, 20.0, 12
2016/12/04 02:03:05, 21.0, 20.0, 12
2016/12/04 02:08:05, 21.0, 20.0, 12
2016/12/04 02:13:05, 21.0, 20.0, 12
2016/12/04 02:18:05, 21.0, 20.0, 12
2016/12/04 02:23:05, 21.0, 20.0, 12
2016/12/04 02:28:10, 21.0, 20.0, 12
2016/12/04 02:33:10, 21.0, 20.0, 12
2016/12/04 02:38:15, 21.0, 20.0, 12
2016/12/04 02:43:15, 21.0, 20.0, 12
2016/12/04 02:48:15, 21.0, 20.0, 12
2016/12/04 02:53:15, 21.0, 20.0, 12
2016/12/04 02:58:15, 21.0, 20.0, 12
2016/12/04 03:03:15, 21.0, 20.0, 12
2016/12/04 03:08:20, 21.0, 20.0, 12
2016/12/04 03:13:20, 21.0, 20.0, 12
2016/12/04 03:18:20, 21.0, 20.0, 12
2016/12/04 03:23:20, 21.0, 20.0, 12
2016/12/04 03:28:20, 21.0, 20.0, 12
2016/12/04 03:33:20, 21.0, 20.0, 12
2016/12/04 03:38:20, 21.0, 20.0, 12
2016/12/04 03:43:20, 21.0, 20.0, 12
2016/12/04 03:48:25, 21.0, 20.0, 12
2016/12/04 03:53:26, 21.0, 20.0, 12
2016/12/04 03:58:26, 21.0, 20.0, 12
2016/12/04 04:03:26, 21.0, 20.0, 12
2016/12/04 04:08:26, 21.0, 20.0, 12
2016/12/04 04:13:26, 21.0, 20.0, 12
2016/12/04 04:18:26, 21.0, 20.0, 12
2016/12/04 04:23:31, 21.0, 20.0, 12
2016/12/04 04:28:31, 21.0, 20.0, 12
2016/12/04 04:33:31, 21.0, 20.0, 12
2016/12/04 04:38:31, 21.0, 20.0, 12
2016/12/04 04:43:31, 21.0, 20.0, 12
2016/12/04 04:48:31, 21.0, 20.0, 12
2016/12/04 04:53:31, 21.0, 20.0, 12
2016/12/04 04:58:31, 21.0, 20.0, 12
2016/12/04 05:03:31, 21.0, 20.0, 12
2016/12/04 05:08:31, 21.0, 20.0, 12
2016/12/04 05:13:31, 21.0, 20.0, 12
2016/12/04 05:18:31, 21.0, 20.0, 12
2016/12/04 05:23:31, 21.0, 20.0, 12
2016/12/04 05:28:31, 21.0, 20.0, 12
2016/12/04 05:33:31, 21.0, 20.0, 12
2016/12/04 05:38:36, 21.0, 20.0, 12
2016/12/04 05:43:36, 21.0, 20.0, 12
2016/12/04 05:48:41, 21.0, 20.0, 12
2016/12/04 05:53:41, 21.0, 20.0, 12
2016/12/04 05:58:41, 21.0, 20.0, 12
2016/12/04 06:03:41, 21.0, 20.0, 12
2016/12/04 06:08:41, 21.0, 20.0, 12
2016/12/04 06:13:41, 21.0, 20.0, 12
2016/12/04 06:18:41, 21.0, 20.0, 12
2016/12/04 06:23:41, 21.0, 20.0, 12
2016/12/04 06:28:41, 21.0, 20.0, 12
2016/12/04 06:33:46, 21.0, 20.0, 12
2016/12/04 06:38:46, 21.0, 20.0, 12
2016/12/04 06:43:46, 21.0, 20.0, 12
2016/12/04 06:48:47, 21.0, 20.0, 12
2016/12/04 06:53:51, 21.0, 20.0, 12
2016/12/04 06:58:56, 21.0, 20.0, 12
2016/12/04 07:03:57, 21.0, 20.0, 12
2016/12/04 07:08:57, 21.0, 20.0, 12
2016/12/04 07:13:57, 21.0, 20.0, 12
2016/12/04 07:18:57, 21.0, 20.0, 12
2016/12/04 07:23:57, 21.0, 20.0, 12
2016/12/04 07:28:57, 21.0, 20.0, 12
2016/12/04 07:34:02, 21.0, 20.0, 12
2016/12/04 07:39:02, 21.0, 20.0, 12
2016/12/04 07:44:02, 21.0, 20.0, 12
2016/12/04 07:49:07, 21.0, 20.0, 12
2016/12/04 07:54:12, 21.0, 20.0, 12
2016/12/04 07:59:12, 21.0, 20.0, 12
2016/12/04 08:04:12, 21.0, 20.0, 12
2016/12/04 08:09:12, 21.0, 20.0, 12
2016/12/04 08:14:12, 21.0, 20.0, 12
2016/12/04 08:19:12, 21.0, 20.0, 12
2016/12/04 08:24:12, 21.0, 20.0, 12
2016/12/04 08:29:17, 21.0, 20.0, 12
2016/12/04 08:34:17, 21.0, 20.0, 12
2016/12/04 08:39:17, 21.0, 20.0, 12
2016/12/04 08:44:17, 21.0, 20.0, 12
2016/12/04 08:49:17, 21.0, 20.0, 12
2016/12/04 08:54:22, 21.0, 20.0, 12
2016/12/04 08:59:22, 21.0, 20.0, 12
2016/12/04 09:04:27, 21.0, 20.0, 12
2016/12/04 09:09:32, 21.0, 20.0, 12
2016/12/04 09:14:32, 21.0, 20.0, 12
2016/12/04 09:19:37, 21.0, 20.0, 12
2016/12/04 09:24:42, 21.0, 20.0, 12
2016/12/04 09:29:47, 21.0, 20.0, 12
2016/12/04 09:34:47, 21.0, 20.0, 12
2016/12/04 09:39:52, 21.0, 20.0, 12
2016/12/04 09:44:57, 21.0, 20.0, 12
2016/12/04 09:50:02, 21.0, 20.0, 12
2016/12/04 09:55:07, 21.0, 20.0, 12
2016/12/04 10:00:07, 21.0, 20.0, 12
2016/12/04 10:05:07, 21.0, 20.0, 12
2016/12/04 10:10:07, 21.0, 20.0, 12
2016/12/04 10:15:07, 21.0, 20.0, 12
2016/12/04 10:20:07, 21.0, 20.0, 12
2016/12/04 10:25:07, 21.0, 20.0, 12
2016/12/04 10:30:07, 21.0, 20.0, 12
2016/12/04 10:35:12, 21.0, 20.0, 12
2016/12/04 10:40:17, 21.0, 20.0, 12
2016/12/04 10:45:22, 21.0, 20.0, 12
2016/12/04 10:50:27, 21.0, 20.0, 12
2016/12/04 10:55:27, 21.0, 20.0, 12
2016/12/04 11:00:32, 21.0, 20.0, 12
2016/12/04 11:05:32, 21.0, 20.0, 12
2016/12/04 11:10:32, 21.0, 20.0, 12
2016/12/04 11:15:32, 21.0, 20.0, 12
2016/12/04 11:20:32, 21.0, 20.0, 12
2016/12/04 11:25:37, 21.0, 20.0, 12
2016/12/04 11:30:42, 21.0, 20.0, 12
2016/12/04 11:52:27, 21.0, 20.0, 12
2016/12/04 11:57:27, 21.0, 20.0, 12
2016/12/04 12:02:32, 21.0, 20.0, 12
2016/12/04 12:37:02, 21.0, 20.0, 12
2016/12/04 12:48:10, 21.0, 20.0, 12
2016/12/04 12:53:10, 21.0, 20.0, 12
2016/12/04 12:58:10, 21.0, 20.0, 12
2016/12/04 13:03:10, 21.0, 20.0, 12
2016/12/04 13:08:10, 21.0, 20.0, 12
2016/12/04 13:13:10, 21.0, 20.0, 12
2016/12/04 13:18:10, 21.0, 20.0, 12
2016/12/04 13:23:10, 21.0, 20.0, 12
2016/12/04 13:28:15, 21.0, 20.0, 12
2016/12/04 13:33:20, 21.0, 20.0, 12
2016/12/04 13:38:20, 21.0, 20.0, 12
2016/12/04 13:43:20, 21.0, 20.0, 12
2016/12/04 13:48:25, 21.0, 20.0, 12
2016/12/04 13:53:25, 21.0, 20.0, 12
2016/12/04 13:58:25, 21.0, 20.0, 12
2016/12/04 14:03:25, 21.0, 20.0, 12
2016/12/04 14:08:25, 21.0, 20.0, 12
2016/12/04 14:13:25, 21.0, 20.0, 12
2016/12/04 14:18:25, 21.0, 20.0, 12
2016/12/04 14:23:25, 21.0, 20.0, 12
2016/12/04 14:28:25, 21.0, 20.0, 12
2016/12/04 14:33:30, 21.0, 20.0, 12
2016/12/04 14:38:30, 21.0, 20.0, 12
2016/12/04 14:43:30, 21.0, 20.0, 12
2016/12/04 14:48:30, 21.0, 20.0, 12
2016/12/04 14:53:30, 21.0, 20.0, 12
2016/12/04 14:58:35, 21.0, 20.0, 12
2016/12/04 15:03:35, 21.0, 20.0, 12
2016/12/04 15:14:47, 21.0, 20.0, 12
2016/12/04 15:19:47, 21.0, 20.0, 12
2016/12/04 15:29:28, 21.0, 20.0, 12
2016/12/04 15:36:38, 18.5, 20.0, 10
2016/12/04 15:41:38, 21.0, 20.0, 12
2016/12/04 15:47:51, 21.0, 20.0, 12
2016/12/04 15:52:51, 21.0, 20.0, 12
2016/12/04 15:57:51, 21.0, 20.0, 12
2016/12/04 16:02:51, 21.0, 20.0, 12
2016/12/04 16:07:51, 21.0, 20.0, 12
2016/12/04 16:12:51, 21.0, 20.0, 12
2016/12/04 16:17:51, 21.0, 20.0, 12
2016/12/04 16:22:56, 21.0, 20.0, 12
2016/12/04 16:27:56, 21.0, 20.0, 12
2016/12/04 16:33:01, 21.0, 20.0, 12
2016/12/04 16:38:06, 21.0, 20.0, 12
2016/12/04 16:43:06, 21.0, 20.0, 12
2016/12/04 16:48:06, 21.0, 20.0, 12
2016/12/04 16:53:06, 21.0, 20.0, 12
2016/12/04 16:58:06, 21.0, 20.0, 12
2016/12/04 17:03:11, 21.0, 20.0, 12
2016/12/04 17:08:11, 21.0, 20.0, 12
2016/12/04 17:13:11, 21.0, 20.0, 12
2016/12/04 17:18:11, 21.0, 20.0, 12
2016/12/04 17:23:11, 21.0, 20.0, 12
2016/12/04 17:28:11, 21.0, 20.0, 12
2016/12/04 17:33:11, 21.0, 20.0, 12
2016/12/04 17:38:11, 21.0, 20.0, 12
2016/12/04 17:43:11, 21.0, 20.0, 12
2016/12/04 17:48:11, 21.0, 20.0, 12
2016/12/04 17:53:11, 21.0, 20.0, 12
2016/12/04 17:58:11, 21.0, 20.0, 12
2016/12/04 18:03:12, 21.0, 20.0, 12
2016/12/04 18:08:17, 21.0, 20.0, 12
2016/12/04 18:13:21, 21.0, 20.0, 12
2016/12/04 18:18:22, 21.0, 20.0, 12
2016/12/04 18:23:22, 21.0, 20.0, 12
2016/12/04 18:28:27, 21.0, 20.0, 12
2016/12/04 18:33:27, 21.0, 20.0, 12
2016/12/04 18:38:27, 21.0, 20.0, 12
2016/12/04 18:43:27, 21.0, 20.0, 12
2016/12/04 18:48:32, 21.0, 20.0, 12
2016/12/04 18:53:32, 21.0, 20.0, 12
2016/12/04 18:58:32, 21.0, 20.0, 12
2016/12/04 19:03:32, 21.0, 20.0, 12
2016/12/04 19:08:32, 21.0, 20.0, 12
2016/12/04 19:13:32, 21.0, 20.0, 12
2016/12/04 19:18:32, 21.0, 20.0, 12
2016/12/04 19:23:32, 21.0, 20.0, 12
2016/12/04 19:28:32, 21.0, 20.0, 12
2016/12/04 19:33:32, 21.0, 20.0, 12
2016/12/04 19:38:32, 21.0, 20.0, 12
2016/12/04 19:43:32, 21.0, 20.0, 12
2016/12/04 19:48:37, 21.0, 20.0, 12
2016/12/04 19:53:37, 21.0, 20.0, 12
2016/12/04 19:58:37, 21.0, 20.0, 12
2016/12/04 20:03:37, 21.0, 20.0, 12
2016/12/04 20:08:42, 21.0, 20.0, 12
2016/12/04 20:13:42, 21.0, 20.0, 12
2016/12/04 20:18:47, 21.0, 20.0, 12
2016/12/04 20:23:47, 21.0, 20.0, 12
2016/12/04 20:28:52, 21.0, 20.0, 12
2016/12/04 20:33:52, 21.0, 20.0, 12
2016/12/04 20:38:52, 21.0, 20.0, 12
2016/12/04 20:43:57, 21.0, 20.0, 12
2016/12/04 20:48:57, 21.0, 20.0, 12
2016/12/04 20:53:57, 21.0, 20.0, 12
2016/12/04 20:58:57, 21.0, 20.0, 12
2016/12/04 21:03:57, 21.0, 20.0, 12
2016/12/04 21:08:57, 21.0, 20.0, 12
2016/12/04 21:13:58, 21.0, 20.0, 12
2016/12/04 21:18:58, 21.0, 20.0, 12
2016/12/04 21:23:58, 21.0, 20.0, 12
2016/12/04 21:29:03, 21.0, 20.0, 12
2016/12/04 21:34:08, 21.0, 20.0, 12
2016/12/04 21:39:13, 21.0, 20.0, 12
2016/12/04 21:44:13, 21.0, 20.0, 12
2016/12/04 21:49:18, 21.0, 20.0, 12
2016/12/04 21:54:18, 21.0, 20.0, 12
2016/12/04 21:59:19, 21.0, 20.0, 12
2016/12/04 22:04:19, 21.0, 20.0, 12
2016/12/04 22:09:19, 21.0, 20.0, 12
2016/12/04 22:14:24, 21.0, 20.0, 12
2016/12/04 22:19:24, 21.0, 20.0, 12
2016/12/04 22:24:24, 21.0, 20.0, 12
2016/12/04 22:29:24, 21.0, 20.0, 12
2016/12/04 22:34:24, 21.0, 20.0, 12
2016/12/04 22:39:24, 21.0, 20.0, 12
2016/12/04 22:44:24, 21.0, 20.0, 12
2016/12/04 22:49:29, 21.0, 20.0, 12
2016/12/04 22:54:29, 21.0, 20.0, 12
2016/12/04 22:59:29, 21.0, 20.0, 12
2016/12/04 23:04:29, 19.0, 20.0, 10
2016/12/04 23:09:29, 19.0, 20.0, 10
2016/12/04 23:14:34, 19.0, 20.0, 10
2016/12/04 23:19:39, 19.0, 20.0, 10
2016/12/04 23:24:44, 19.0, 20.0, 10
2016/12/04 23:29:44, 19.0, 20.0, 10
2016/12/04 23:34:49, 19.0, 20.0, 10
2016/12/04 23:39:49, 19.0, 20.0, 10
2016/12/04 23:44:49, 19.0, 20.0, 10
2016/12/04 23:49:49, 19.0, 20.0, 10
2016/12/04 23:54:49, 19.0, 20.0, 10
2016/12/04 23:59:49, 19.0, 20.0, 10
2016/12/05 00:04:49, 19.0, 20.0, 10
2016/12/05 00:09:49, 19.0, 20.0, 10
2016/12/05 00:14:49, 19.0, 20.0, 10
2016/12/05 00:19:54, 19.0, 20.0, 10
2016/12/05 00:24:55, 19.0, 20.0, 10
2016/12/05 00:29:55, 19.0, 20.0, 10
2016/12/05 00:34:55, 19.0, 20.0, 10
2016/12/05 00:39:55, 19.0, 20.0, 10
2016/12/05 00:44:55, 19.0, 20.0, 10
2016/12/05 00:49:55, 19.0, 20.0, 10
2016/12/05 00:54:55, 19.0, 20.0, 10
2016/12/05 01:00:00, 19.0, 20.0, 10
2016/12/05 01:05:00, 19.0, 20.0, 10
2016/12/05 01:10:00, 19.0, 20.0, 10
2016/12/05 01:15:00, 19.0, 20.0, 10
2016/12/05 01:20:00, 19.0, 20.0, 10
2016/12/05 01:25:00, 19.0, 20.0, 10
2016/12/05 01:30:00, 19.0, 20.0, 10
2016/12/05 01:35:00, 19.0, 20.0, 10
2016/12/05 01:40:00, 19.0, 20.0, 10
2016/12/05 01:45:00, 19.0, 20.0, 10
2016/12/05 01:50:00, 19.0, 20.0, 10
2016/12/05 01:55:00, 19.0, 20.0, 10
2016/12/05 02:00:00, 19.0, 20.0, 10
2016/12/05 02:05:00, 19.0, 20.0, 10
2016/12/05 02:10:00, 19.0, 20.0, 10
2016/12/05 02:15:00, 19.0, 20.0, 10
2016/12/05 02:20:00, 19.0, 20.0, 10
2016/12/05 02:25:00, 19.0, 20.0, 10
2016/12/05 02:30:05, 19.0, 20.0, 10
2016/12/05 02:35:05, 19.0, 20.0, 10
2016/12/05 02:40:05, 19.0, 20.0, 10
2016/12/05 02:45:06, 19.0, 20.0, 10
2016/12/05 02:50:06, 19.0, 20.0, 10
2016/12/05 02:55:06, 19.0, 20.0, 10
2016/12/05 03:00:06, 19.0, 20.0, 10
2016/12/05 03:05:06, 19.0, 20.0, 10
2016/12/05 03:10:06, 19.0, 20.0, 10
2016/12/05 03:15:11, 19.0, 20.0, 10
2016/12/05 03:20:11, 19.0, 20.0, 10
2016/12/05 03:25:16, 19.0, 20.0, 10
2016/12/05 03:30:21, 19.0, 20.0, 10
2016/12/05 03:35:21, 19.0, 20.0, 10
2016/12/05 03:40:21, 19.0, 20.0, 10
2016/12/05 03:45:21, 19.0, 20.0, 10
2016/12/05 03:50:26, 19.0, 20.0, 10
2016/12/05 03:55:26, 19.0, 20.0, 10
2016/12/05 04:00:31, 19.0, 20.0, 10
2016/12/05 04:05:31, 19.0, 20.0, 10
2016/12/05 04:10:36, 19.0, 20.0, 10
2016/12/05 04:15:36, 19.0, 20.0, 10
2016/12/05 04:20:36, 19.0, 20.0, 10
2016/12/05 04:25:36, 19.0, 20.0, 10
2016/12/05 04:30:36, 19.0, 20.0, 10
2016/12/05 04:35:36, 19.0, 20.0, 10
2016/12/05 04:40:36, 19.0, 20.0, 10
2016/12/05 04:45:36, 19.0, 20.0, 10
2016/12/05 04:50:36, 19.0, 20.0, 10
2016/12/05 04:55:36, 19.0, 20.0, 10
2016/12/05 05:00:36, 19.0, 20.0, 10
2016/12/05 05:05:41, 19.0, 20.0, 10
2016/12/05 05:10:41, 19.0, 20.0, 10
2016/12/05 05:15:41, 19.0, 20.0, 10
2016/12/05 05:20:46, 19.0, 20.0, 10
2016/12/05 05:25:46, 19.0, 20.0, 10
2016/12/05 05:30:46, 19.0, 20.0, 10
2016/12/05 05:35:46, 19.0, 20.0, 10
2016/12/05 05:40:46, 19.0, 20.0, 10
2016/12/05 05:45:46, 19.0, 20.0, 10
2016/12/05 05:50:46, 19.0, 20.0, 10
2016/12/05 05:55:46, 19.0, 20.0, 10
2016/12/05 06:00:46, 19.0, 20.0, 10
2016/12/05 06:05:46, 19.0, 20.0, 10
2016/12/05 06:10:46, 19.0, 20.0, 10
2016/12/05 06:15:46, 19.0, 20.0, 10
2016/12/05 06:20:46, 19.0, 20.0, 10
2016/12/05 06:25:46, 19.0, 20.0, 10
2016/12/05 06:30:46, 19.0, 20.0, 10
2016/12/05 06:35:47, 19.0, 20.0, 10
2016/12/05 06:40:47, 19.0, 20.0, 10
2016/12/05 06:45:47, 19.0, 20.0, 10
2016/12/05 06:50:52, 19.0, 20.0, 10
2016/12/05 06:55:52, 19.0, 20.0, 10
2016/12/05 07:00:52, 19.0, 20.0, 10
2016/12/05 07:05:57, 19.0, 20.0, 10
2016/12/05 07:10:57, 19.0, 20.0, 10
2016/12/05 07:16:02, 19.0, 20.0, 10
2016/12/05 07:21:02, 19.0, 20.0, 10
2016/12/05 07:26:02, 19.0, 20.0, 10
2016/12/05 07:31:07, 19.0, 20.0, 10
2016/12/05 07:36:07, 19.0, 20.0, 10
2016/12/05 07:41:07, 19.0, 20.0, 10
2016/12/05 07:46:07, 19.0, 20.0, 10
2016/12/05 07:51:07, 19.0, 20.0, 10
2016/12/05 07:56:07, 19.0, 20.0, 10
2016/12/05 08:01:12, 19.0, 20.0, 10
2016/12/05 08:06:12, 19.0, 20.0, 10
2016/12/05 08:11:12, 19.0, 20.0, 10
2016/12/05 08:16:17, 19.0, 20.0, 10
2016/12/05 08:21:17, 19.0, 20.0, 10
2016/12/05 08:26:22, 19.0, 20.0, 10
2016/12/05 08:31:27, 19.0, 20.0, 10
2016/12/05 08:36:27, 19.0, 20.0, 10
2016/12/05 08:41:27, 19.0, 20.0, 10
2016/12/05 08:46:32, 19.0, 20.0, 10
2016/12/05 08:51:32, 19.0, 20.0, 10
2016/12/05 08:56:37, 19.0, 20.0, 10
2016/12/05 09:01:37, 19.0, 20.0, 10
2016/12/05 09:06:42, 19.0, 20.0, 10
2016/12/05 09:11:42, 19.0, 20.0, 10
2016/12/05 09:16:42, 19.0, 20.0, 10
2016/12/05 09:21:42, 19.0, 20.0, 10
2016/12/05 09:26:42, 19.0, 20.0, 10
2016/12/05 09:31:42, 19.0, 20.0, 10
2016/12/05 09:36:42, 19.0, 20.0, 10
2016/12/05 09:41:42, 19.0, 20.0, 10
2016/12/05 09:46:42, 19.0, 20.0, 10
2016/12/05 09:51:42, 19.0, 20.0, 10
2016/12/05 09:56:47, 19.0, 20.0, 10
2016/12/05 10:01:52, 21.0, 20.0, 12
2016/12/05 10:06:52, 21.0, 20.0, 12
2016/12/05 10:11:57, 21.0, 20.0, 12
2016/12/05 10:16:57, 21.0, 20.0, 12
2016/12/05 10:22:02, 21.0, 20.0, 12
2016/12/05 10:27:07, 21.0, 20.0, 12
2016/12/05 10:32:07, 21.0, 20.0, 12
2016/12/05 10:37:07, 21.0, 20.0, 12
2016/12/05 10:42:07, 21.0, 20.0, 12
2016/12/05 10:47:07, 21.0, 20.0, 12
2016/12/05 10:52:07, 21.0, 20.0, 12
2016/12/05 10:57:07, 21.0, 20.0, 12
2016/12/05 11:02:12, 21.0, 20.0, 12
2016/12/05 11:07:12, 21.0, 20.0, 12
2016/12/05 11:12:17, 21.0, 20.0, 12
2016/12/05 11:17:22, 21.0, 20.0, 12
2016/12/05 11:22:22, 21.0, 20.0, 12
2016/12/05 11:27:22, 21.0, 20.0, 12
2016/12/05 11:32:27, 21.0, 20.0, 12
2016/12/05 11:37:27, 21.0, 20.0, 12
2016/12/05 11:42:32, 21.0, 20.0, 12
2016/12/05 11:47:32, 21.0, 20.0, 12
2016/12/05 11:52:37, 21.0, 20.0, 12
2016/12/05 11:57:42, 21.0, 20.0, 12
2016/12/05 12:02:47, 21.0, 20.0, 12
2016/12/05 12:07:47, 21.0, 20.0, 12
2016/12/05 12:12:52, 21.0, 20.0, 12
2016/12/05 12:17:52, 21.0, 20.0, 12
2016/12/05 12:22:57, 21.0, 20.0, 12
2016/12/05 12:27:57, 21.0, 20.0, 12
2016/12/05 12:32:57, 21.0, 20.0, 12
2016/12/05 12:37:57, 21.0, 20.0, 12
2016/12/05 12:42:57, 21.0, 20.0, 12
2016/12/05 12:47:58, 21.0, 20.0, 12
2016/12/05 12:52:58, 21.0, 20.0, 12
2016/12/05 12:57:58, 21.0, 20.0, 12
2016/12/05 13:02:58, 21.0, 20.0, 12
2016/12/05 13:07:58, 21.0, 20.0, 12
2016/12/05 13:12:58, 21.0, 20.0, 12
2016/12/05 13:18:03, 21.0, 20.0, 12
2016/12/05 13:23:03, 21.0, 20.0, 12
2016/12/05 13:28:03, 21.0, 20.0, 12
2016/12/05 13:33:03, 21.0, 20.0, 12
2016/12/05 13:38:03, 21.0, 20.0, 12
2016/12/05 13:43:03, 21.0, 20.0, 12
2016/12/05 13:48:03, 21.0, 20.0, 12
2016/12/05 13:53:03, 21.0, 20.0, 12
2016/12/05 13:58:03, 21.0, 20.0, 12
2016/12/05 14:03:03, 21.0, 20.0, 12
2016/12/05 14:08:03, 21.0, 20.0, 12
2016/12/05 14:13:03, 21.0, 20.0, 12
2016/12/05 14:18:03, 21.0, 20.0, 12
2016/12/05 14:23:03, 21.0, 20.0, 12
2016/12/05 14:28:03, 21.0, 20.0, 12
2016/12/05 14:33:03, 21.0, 20.0, 12
2016/12/05 14:38:03, 21.0, 20.0, 12
2016/12/05 14:43:03, 21.0, 20.0, 12
2016/12/05 14:48:03, 21.0, 20.0, 12
2016/12/05 14:53:03, 21.0, 20.0, 12
2016/12/05 14:58:04, 21.0, 20.0, 12
2016/12/05 15:03:04, 21.0, 20.0, 12
2016/12/05 15:08:04, 21.0, 20.0, 12
2016/12/05 15:13:04, 21.0, 20.0, 12
2016/12/05 15:18:09, 21.0, 20.0, 12
2016/12/05 15:23:09, 21.0, 20.0, 12
2016/12/05 15:28:14, 21.0, 20.0, 12
2016/12/05 15:33:14, 21.0, 20.0, 12
2016/12/05 15:38:14, 21.0, 20.0, 12
2016/12/05 15:43:14, 21.0, 20.0, 12
2016/12/05 15:48:14, 21.0, 20.0, 12
2016/12/05 15:53:19, 21.0, 20.0, 12
2016/12/05 15:58:24, 21.0, 20.0, 12
2016/12/05 16:03:24, 21.0, 20.0, 12
2016/12/05 16:08:29, 21.0, 20.0, 12
2016/12/05 16:13:34, 21.0, 20.0, 12
2016/12/05 16:18:34, 21.0, 20.0, 12
2016/12/05 16:23:34, 21.0, 20.0, 12
2016/12/05 16:28:34, 21.0, 20.0, 12
2016/12/05 16:33:34, 21.0, 20.0, 12
2016/12/05 16:38:34, 21.0, 20.0, 12
2016/12/05 16:43:37, 21.0, 20.0, 12
2016/12/05 16:48:37, 21.0, 20.0, 12
2016/12/05 16:53:42, 21.0, 20.0, 12
2016/12/05 16:58:47, 21.0, 20.0, 12
2016/12/05 17:03:47, 21.0, 20.0, 12
2016/12/05 17:08:52, 21.0, 20.0, 12
2016/12/05 17:13:52, 21.0, 20.0, 12
2016/12/05 17:18:52, 21.0, 20.0, 12
2016/12/05 17:23:52, 21.0, 20.0, 12
2016/12/05 17:28:52, 21.0, 20.0, 12
2016/12/05 17:33:57, 21.0, 20.0, 12
2016/12/05 17:39:02, 21.0, 20.0, 12
2016/12/05 17:44:02, 21.0, 20.0, 12
2016/12/05 17:49:02, 21.0, 20.0, 12
2016/12/05 17:54:07, 21.0, 20.0, 12
2016/12/05 17:59:07, 21.0, 20.0, 12
2016/12/05 18:04:07, 21.0, 20.0, 12
2016/12/05 18:09:07, 21.0, 20.0, 12
2016/12/05 18:14:12, 21.0, 20.0, 12
2016/12/05 18:19:12, 21.0, 20.0, 12
2016/12/05 18:24:17, 21.0, 20.0, 12
2016/12/05 18:29:22, 21.0, 20.0, 12
2016/12/05 18:34:27, 21.0, 20.0, 12
2016/12/05 18:39:32, 21.0, 20.0, 12
2016/12/05 18:44:32, 21.0, 20.0, 12
2016/12/05 18:49:32, 21.0, 20.0, 12
2016/12/05 18:54:32, 21.0, 20.0, 12
2016/12/05 18:59:32, 21.0, 20.0, 12
2016/12/05 19:04:32, 21.0, 20.0, 12
2016/12/05 19:09:32, 21.0, 20.0, 12
2016/12/05 19:14:37, 21.0, 20.0, 12
2016/12/05 19:19:37, 21.0, 20.0, 12
2016/12/05 19:24:37, 21.0, 20.0, 12
2016/12/05 19:29:42, 21.0, 20.0, 12
2016/12/05 19:34:47, 21.0, 20.0, 12
2016/12/05 19:39:52, 21.0, 20.0, 12
2016/12/05 19:44:52, 21.0, 20.0, 12
2016/12/05 19:49:54, 21.0, 20.0, 12
2016/12/05 19:54:54, 21.0, 20.0, 12
2016/12/05 19:59:54, 21.0, 20.0, 12
2016/12/05 20:04:59, 21.0, 20.0, 12
2016/12/05 20:10:04, 21.0, 20.0, 12
2016/12/05 20:15:09, 21.0, 20.0, 12
2016/12/05 20:20:09, 21.0, 20.0, 12
2016/12/05 20:25:09, 21.0, 20.0, 12
2016/12/05 20:30:14, 21.0, 20.0, 12
2016/12/05 20:35:14, 21.0, 20.0, 12
2016/12/05 20:40:19, 15, 20.0, 10
2016/12/05 20:45:19, 15, 20.0, 10
2016/12/05 20:50:19, 15, 20.0, 10
2016/12/05 20:55:19, 15, 20.0, 10
2016/12/05 21:00:24, 15, 20.0, 10
2016/12/05 21:05:24, 15, 20.0, 10
2016/12/05 21:10:24, 15, 20.0, 10
2016/12/05 21:15:29, 15, 20.0, 10
2016/12/05 21:20:34, 15, 20.0, 10
2016/12/05 21:57:38, 15, 20.0, 10
2016/12/05 22:45:57, 25.0, 20.0, 12
2016/12/06 11:38:23, 19.0, 20.0, 10
2016/12/06 11:43:23, 21.0, 20.0, 12
2016/12/06 11:48:23, 21.0, 20.0, 12
2016/12/06 11:53:23, 21.0, 20.0, 12
2016/12/06 11:58:23, 21.0, 20.0, 12
2016/12/06 12:03:23, 21.0, 20.0, 12
2016/12/06 12:08:28, 21.0, 20.0, 12
2016/12/06 12:13:28, 21.0, 20.0, 12
2016/12/06 12:18:28, 15, 20.0, 10
2016/12/06 12:23:28, 15, 20.0, 10
2016/12/06 12:28:29, 15, 20.0, 10
2016/12/06 12:33:31, 15, 20.0, 10
2016/12/06 12:38:31, 15, 20.0, 10
2016/12/06 12:43:31, 15, 20.0, 10
2016/12/06 12:48:31, 15, 20.0, 10
2016/12/06 12:53:31, 19.0, 20.0, 10
2016/12/06 13:00:26, 19.0, 20.0, 10
2016/12/06 13:05:26, 19.0, 20.0, 10
2016/12/06 13:10:26, 19.0, 20.0, 10
2016/12/06 13:15:26, 19.0, 20.0, 10
2016/12/06 13:20:31, 19.0, 20.0, 10
2016/12/06 13:25:31, 19.0, 20.0, 10
2016/12/06 13:30:31, 19.0, 20.0, 10
2016/12/06 13:35:31, 19.0, 20.0, 10
2016/12/06 13:40:31, 19.0, 20.0, 10
2016/12/06 13:45:36, 19.0, 20.0, 10
2016/12/06 13:50:41, 19.0, 20.0, 10
2016/12/06 13:55:41, 19.0, 20.0, 10
2016/12/06 14:00:41, 19.0, 20.0, 10
2016/12/06 14:05:46, 19.0, 20.0, 10
2016/12/06 20:20:59, 19.0, 20.0, 10
2016/12/06 20:25:59, 19.0, 20.0, 10
2016/12/06 20:30:59, 19.0, 20.0, 10
2016/12/06 20:35:59, 19.0, 20.0, 10
2016/12/06 20:40:59, 19.0, 20.0, 10
2016/12/06 20:45:59, 21.5, 20.0, 12
2016/12/06 20:58:37, 19.0, 20.0, 10
2016/12/06 21:03:37, 19.0, 20.0, 10
2016/12/06 21:08:37, 19.0, 20.0, 10
2016/12/13 18:28:23, 19.0, 20.0, 10
2016/12/13 18:36:07, 15, 20.0, 10
2016/12/13 18:41:07, 15, 20.0, 10
2016/12/13 18:46:07, 22.0, 20.0, 12
2016/12/13 18:51:07, 22.0, 20.0, 12
2016/12/13 18:56:07, 22.0, 20.0, 12
2016/12/13 19:01:07, 22.0, 20.0, 12
2016/12/13 19:06:07, 22.0, 20.0, 12
2016/12/13 19:11:07, 22.0, 20.0, 12
2016/12/13 19:16:07, 22.0, 20.0, 12
2016/12/13 19:21:07, 22.0, 20.0, 12
2016/12/13 19:26:07, 22.0, 20.0, 12
2016/12/13 19:31:07, 22.0, 20.0, 12
2016/12/13 19:36:07, 22.0, 20.0, 12
2016/12/13 19:41:08, 22.0, 20.0, 12
2016/12/13 19:46:08, 22.0, 20.0, 12
2016/12/13 19:51:08, 19.0, 20.0, 10
2016/12/13 19:56:08, 19.0, 20.0, 10
2016/12/13 20:01:08, 19.0, 20.0, 10
2016/12/13 20:06:08, 19.0, 20.0, 10
2016/12/13 20:11:08, 19.0, 20.0, 10
2016/12/13 20:16:08, 19.0, 20.0, 10
2016/12/13 20:21:08, 19.0, 20.0, 10
2016/12/13 20:26:08, 19.0, 20.0, 10
2016/12/13 20:31:08, 19.0, 20.0, 10
2016/12/13 20:36:08, 19.0, 20.0, 10
2016/12/13 20:41:08, 19.0, 20.0, 10
2016/12/13 20:46:08, 19.0, 20.0, 10
2016/12/13 20:51:08, 19.0, 20.0, 10
2016/12/13 20:56:09, 19.0, 20.0, 10
2016/12/13 21:01:09, 19.0, 20.0, 10
2016/12/13 21:06:09, 19.0, 20.0, 10
2016/12/13 21:11:09, 19.0, 20.0, 10
2016/12/13 21:16:09, 19.0, 20.0, 10
2016/12/13 21:21:09, 19.0, 20.0, 10
2016/12/13 21:26:09, 19.0, 20.0, 10
2016/12/13 21:31:09, 18.0, 20.0, 10
2016/12/13 21:36:10, 18.0, 20.0, 10
2016/12/13 21:41:10, 18.0, 20.0, 10
2016/12/13 21:46:10, 18.0, 20.0, 10
2016/12/13 21:51:10, 18.0, 20.0, 10
2016/12/13 21:56:10, 18.0, 20.0, 10
2016/12/13 22:01:10, 18.0, 20.0, 10
2016/12/13 22:06:10, 18.0, 20.0, 10
2016/12/13 22:11:10, 18.0, 20.0, 10
2016/12/13 22:16:10, 18.0, 20.0, 10
2016/12/13 22:21:10, 18.0, 20.0, 10
2016/12/13 22:26:10, 18.0, 20.0, 10
2016/12/13 22:31:10, 18.0, 20.0, 10
2016/12/13 22:36:10, 18.0, 20.0, 10
2016/12/13 22:41:10, 18.0, 20.0, 10
2016/12/13 22:46:15, 18.0, 20.0, 10
2016/12/13 22:51:15, 18.0, 20.0, 10
2016/12/13 22:56:15, 18.0, 20.0, 10
2016/12/13 23:01:16, 18.0, 20.0, 10
2016/12/13 23:06:21, 18.0, 20.0, 10
2016/12/13 23:11:21, 18.0, 20.0, 10
2016/12/13 23:16:21, 18.0, 20.0, 10
2016/12/13 23:21:21, 18.0, 20.0, 10
2016/12/13 23:26:21, 18.0, 20.0, 10
2016/12/13 23:31:26, 18.0, 20.0, 10
2016/12/13 23:36:26, 18.0, 20.0, 10
2016/12/13 23:41:26, 18.0, 20.0, 10
2016/12/13 23:46:26, 18.0, 20.0, 10
2016/12/13 23:51:26, 18.0, 20.0, 10
2016/12/13 23:56:26, 18.0, 20.0, 10
2016/12/14 00:01:26, 18.0, 20.0, 10
2016/12/14 00:06:26, 18.0, 20.0, 10
2016/12/14 00:11:26, 18.0, 20.0, 10
2016/12/14 00:16:26, 18.0, 20.0, 10
2016/12/14 00:21:31, 18.0, 20.0, 10
2016/12/14 00:26:31, 18.0, 20.0, 10
2016/12/14 00:31:31, 18.0, 20.0, 10
2016/12/14 00:36:31, 18.0, 20.0, 10
2016/12/14 00:41:36, 18.0, 20.0, 10
2016/12/14 00:46:36, 18.0, 20.0, 10
2016/12/14 00:51:36, 18.0, 20.0, 10
2016/12/14 00:56:41, 18.0, 20.0, 10
2016/12/14 01:01:46, 18.0, 20.0, 10
2016/12/14 01:06:46, 18.0, 20.0, 10
2016/12/14 01:11:46, 18.0, 20.0, 10
2016/12/14 01:16:46, 18.0, 20.0, 10
2016/12/14 01:21:46, 18.0, 20.0, 10
2016/12/14 01:26:46, 18.0, 20.0, 10
2016/12/14 01:31:47, 18.0, 20.0, 10
2016/12/14 01:36:47, 18.0, 20.0, 10
2016/12/14 01:41:47, 18.0, 20.0, 10
2016/12/14 01:46:47, 18.0, 20.0, 10
2016/12/14 01:51:47, 18.0, 20.0, 10
2016/12/14 01:56:52, 18.0, 20.0, 10
2016/12/14 02:01:52, 18.0, 20.0, 10
2016/12/14 02:06:52, 18.0, 20.0, 10
2016/12/14 02:11:52, 18.0, 20.0, 10
2016/12/14 02:16:52, 18.0, 20.0, 10
2016/12/14 02:21:52, 18.0, 20.0, 10
2016/12/14 02:26:52, 18.0, 20.0, 10
2016/12/14 02:31:52, 18.0, 20.0, 10
2016/12/14 02:36:57, 18.0, 20.0, 10
2016/12/14 02:41:57, 18.0, 20.0, 10
2016/12/14 02:46:57, 18.0, 20.0, 10
2016/12/14 02:52:02, 18.0, 20.0, 10
2016/12/14 02:57:02, 18.0, 20.0, 10
2016/12/14 03:02:02, 18.0, 20.0, 10
2016/12/14 03:07:02, 18.0, 20.0, 10
2016/12/14 03:12:02, 18.0, 20.0, 10
2016/12/14 03:17:02, 18.0, 20.0, 10
2016/12/14 03:22:02, 18.0, 20.0, 10
2016/12/14 03:27:02, 18.0, 20.0, 10
2016/12/14 03:32:02, 18.0, 20.0, 10
2016/12/14 03:37:02, 18.0, 20.0, 10
2016/12/14 03:42:02, 18.0, 20.0, 10
2016/12/14 03:47:03, 18.0, 20.0, 10
2016/12/14 03:52:03, 18.0, 20.0, 10
2016/12/14 03:57:03, 18.0, 20.0, 10
2016/12/14 04:02:03, 18.0, 20.0, 10
2016/12/14 04:07:03, 18.0, 20.0, 10
2016/12/14 04:12:03, 18.0, 20.0, 10
2016/12/14 04:17:03, 18.0, 20.0, 10
2016/12/14 04:22:03, 18.0, 20.0, 10
2016/12/14 04:27:03, 18.0, 20.0, 10
2016/12/14 04:32:03, 18.0, 20.0, 10
2016/12/14 04:37:03, 18.0, 20.0, 10
2016/12/14 04:42:03, 18.0, 20.0, 10
2016/12/14 04:47:03, 18.0, 20.0, 10
2016/12/14 04:52:03, 18.0, 20.0, 10
2016/12/14 04:57:03, 18.0, 20.0, 10
2016/12/14 05:02:03, 18.0, 20.0, 10
2016/12/14 05:07:04, 18.0, 20.0, 10
2016/12/14 05:12:04, 18.0, 20.0, 10
2016/12/14 05:17:09, 18.0, 20.0, 10
2016/12/14 05:22:09, 18.0, 20.0, 10
2016/12/14 05:27:09, 18.0, 20.0, 10
2016/12/14 05:32:09, 18.0, 20.0, 10
2016/12/14 05:37:09, 18.0, 20.0, 10
2016/12/14 05:42:09, 18.0, 20.0, 10
2016/12/14 05:47:09, 18.0, 20.0, 10
2016/12/14 05:52:09, 18.0, 20.0, 10
2016/12/14 05:57:09, 18.0, 20.0, 10
2016/12/14 06:02:14, 18.0, 20.0, 10
2016/12/14 06:07:14, 18.0, 20.0, 10
2016/12/14 06:12:14, 18.5, 20.0, 10
2016/12/14 06:17:14, 18.5, 20.0, 10
2016/12/14 06:22:14, 18.5, 20.0, 10
2016/12/14 06:27:14, 18.5, 20.0, 10
2016/12/14 06:32:15, 18.5, 20.0, 10
2016/12/14 06:37:15, 18.5, 20.0, 10
2016/12/14 06:42:15, 18.5, 20.0, 10
2016/12/14 06:47:15, 18.5, 20.0, 10
2016/12/14 06:52:20, 18.5, 20.0, 10
2016/12/14 06:57:20, 18.5, 20.0, 10
2016/12/14 07:02:20, 18.5, 20.0, 10
2016/12/14 07:07:25, 18.5, 20.0, 10
2016/12/14 07:12:25, 18.5, 20.0, 10
2016/12/14 07:17:25, 18.5, 20.0, 10
2016/12/14 07:22:25, 18.5, 20.0, 10
2016/12/14 07:27:25, 18.5, 20.0, 10
2016/12/14 07:32:25, 18.5, 20.0, 10
2016/12/14 07:37:30, 18.5, 20.0, 10
2016/12/14 07:42:30, 18.5, 20.0, 10
2016/12/14 07:47:30, 18.5, 20.0, 10
2016/12/14 07:52:30, 18.5, 20.0, 10
2016/12/14 07:57:30, 18.5, 20.0, 10
2016/12/14 08:02:30, 17.5, 20.0, 10
2016/12/14 08:07:30, 17.5, 20.0, 10
2016/12/14 08:12:30, 17.5, 20.0, 10
2016/12/14 08:17:30, 17.5, 20.0, 10
2016/12/14 08:22:35, 17.5, 20.0, 10
2016/12/14 08:27:35, 17.5, 20.0, 10
2016/12/14 08:32:35, 17.5, 20.0, 10
2016/12/14 08:37:35, 17.5, 20.0, 10
2016/12/14 08:42:35, 17.5, 20.0, 10
2016/12/14 08:47:35, 17.5, 20.0, 10
2016/12/14 08:52:36, 17.5, 20.0, 10
2016/12/14 08:57:36, 17.5, 20.0, 10
2016/12/14 09:02:36, 17.5, 20.0, 10
2016/12/14 09:07:36, 17.5, 20.0, 10
2016/12/14 09:12:36, 17.5, 20.0, 10
2016/12/14 09:17:41, 17.5, 20.0, 10
2016/12/14 09:22:41, 17.5, 20.0, 10
2016/12/14 09:27:41, 17.5, 20.0, 10
2016/12/14 09:32:41, 17.5, 20.0, 10
2016/12/14 09:37:41, 17.5, 20.0, 10
2016/12/14 09:42:41, 17.5, 20.0, 10
2016/12/14 09:47:41, 17.5, 20.0, 10
2016/12/14 09:52:41, 17.5, 20.0, 10
2016/12/14 09:57:42, 17.5, 20.0, 10
2016/12/14 10:02:42, 17.5, 20.0, 10
2016/12/14 10:07:42, 17.5, 20.0, 10
2016/12/14 10:12:42, 17.5, 20.0, 10
2016/12/14 10:17:42, 17.5, 20.0, 10
2016/12/14 10:22:47, 17.5, 20.0, 10
2016/12/14 10:27:47, 17.5, 20.0, 10
2016/12/14 10:32:47, 17.5, 20.0, 10
2016/12/14 10:37:47, 17.5, 20.0, 10
2016/12/14 10:42:47, 17.5, 20.0, 10
2016/12/14 10:47:47, 17.5, 20.0, 10
2016/12/14 10:52:47, 17.5, 20.0, 10
2016/12/14 10:57:47, 17.5, 20.0, 10
2016/12/14 11:02:47, 17.5, 20.0, 10
2016/12/14 11:07:47, 17.5, 20.0, 10
2016/12/14 11:12:47, 17.5, 20.0, 10
2016/12/14 11:17:47, 17.5, 20.0, 10
2016/12/14 11:22:47, 19.5, 20.0, 10
2016/12/14 11:27:47, 19.5, 20.0, 10
2016/12/14 11:32:47, 19.5, 20.0, 10
2016/12/14 11:37:48, 19.5, 20.0, 10
2016/12/14 11:42:48, 19.5, 20.0, 10
2016/12/14 11:47:48, 19.5, 20.0, 10
2016/12/14 11:52:48, 19.5, 20.0, 10
2016/12/14 11:57:53, 19.5, 20.0, 10
2016/12/14 12:02:53, 19.5, 20.0, 10
2016/12/14 12:07:53, 19.5, 20.0, 10
2016/12/14 12:12:53, 19.5, 20.0, 10
2016/12/14 12:17:53, 19.5, 20.0, 10
2016/12/14 12:22:53, 19.5, 20.0, 10
2016/12/14 12:27:53, 19.5, 20.0, 10
2016/12/14 12:32:53, 19.5, 20.0, 10
2016/12/14 12:37:53, 19.5, 20.0, 10
2016/12/14 12:42:53, 19.5, 20.0, 10
2016/12/14 12:47:53, 19.5, 20.0, 10
2016/12/14 12:52:53, 19.5, 20.0, 10
2016/12/14 12:57:53, 19.5, 20.0, 10
2016/12/14 13:02:58, 19.5, 20.0, 10
2016/12/14 13:07:58, 19.5, 20.0, 10
2016/12/14 13:13:03, 19.5, 20.0, 10
2016/12/14 13:18:03, 19.5, 20.0, 10
2016/12/14 13:23:03, 19.5, 20.0, 10
2016/12/14 13:28:03, 19.5, 20.0, 10
2016/12/14 13:33:04, 19.5, 20.0, 10
2016/12/14 13:40:49, 19.5, 20.0, 10
2016/12/14 13:45:49, 19.5, 20.0, 10
2016/12/14 13:50:49, 19.5, 20.0, 10
2016/12/14 13:55:49, 19.5, 20.0, 10
2016/12/14 14:00:49, 19.5, 20.0, 10
2016/12/14 14:05:49, 19.5, 20.0, 10
2016/12/14 14:10:49, 19.5, 20.0, 10
2016/12/14 14:15:49, 19.5, 20.0, 10
2016/12/14 14:20:49, 19.5, 20.0, 10
2016/12/14 14:36:05, 19.0, 20.0, 10
2016/12/14 14:41:10, 19.0, 20.0, 10
2016/12/14 14:46:10, 19.0, 20.0, 10
2016/12/14 14:51:10, 19.0, 20.0, 10
2016/12/14 14:56:11, 19.0, 20.0, 10
2016/12/14 15:01:11, 19.0, 20.0, 10
2016/12/14 15:06:11, 19.0, 20.0, 10
2016/12/14 15:11:11, 19.0, 20.0, 10
2016/12/14 15:16:11, 19.0, 20.0, 10
2016/12/14 15:21:11, 19.0, 20.0, 10
2016/12/14 15:26:11, 19.0, 20.0, 10
2016/12/14 15:31:11, 19.0, 20.0, 10
2016/12/14 15:36:11, 19.0, 20.0, 10
2016/12/14 15:41:11, 19.0, 20.0, 10
2016/12/14 15:46:11, 19.0, 20.0, 10
2016/12/14 15:51:11, 19.0, 20.0, 10
2016/12/14 15:56:11, 19.0, 20.0, 10
2016/12/14 16:01:16, 19.0, 20.0, 10
2016/12/14 16:06:21, 19.0, 20.0, 10
2016/12/14 16:11:21, 19.0, 20.0, 10
2016/12/14 16:16:21, 19.0, 20.0, 10
2016/12/14 16:21:21, 19.0, 20.0, 10
2016/12/14 16:26:26, 19.0, 20.0, 10
2016/12/14 16:31:31, 19.0, 20.0, 10
2016/12/14 16:36:31, 19.0, 20.0, 10
2016/12/14 16:41:31, 19.0, 20.0, 10
2016/12/14 16:46:31, 19.0, 20.0, 10
2016/12/14 16:51:31, 19.0, 20.0, 10
2016/12/14 16:56:31, 19.0, 20.0, 10
2016/12/14 17:01:31, 19.0, 20.0, 10
2016/12/14 17:06:31, 19.0, 20.0, 10
2016/12/14 17:11:31, 19.0, 20.0, 10
2016/12/14 17:16:31, 19.0, 20.0, 10
2016/12/14 17:21:31, 19.0, 20.0, 10
2016/12/14 17:26:32, 19.0, 20.0, 10
2016/12/14 17:31:32, 19.0, 20.0, 10
2016/12/14 17:36:32, 19.0, 20.0, 10
2016/12/14 17:41:33, 19.0, 20.0, 10
2016/12/14 17:46:38, 19.0, 20.0, 10
2016/12/14 17:51:38, 19.0, 20.0, 10
2016/12/14 17:56:43, 19.0, 20.0, 10
2016/12/14 18:01:43, 19.0, 20.0, 10
2016/12/14 18:06:43, 19.0, 20.0, 10
2016/12/14 18:11:48, 19.0, 20.0, 10
2016/12/14 18:16:48, 19.0, 20.0, 10
2016/12/14 18:21:48, 19.0, 20.0, 10
2016/12/14 18:26:53, 19.0, 20.0, 10
2016/12/14 18:31:53, 19.0, 20.0, 10
2016/12/14 18:36:58, 19.0, 20.0, 10
2016/12/14 18:41:58, 19.0, 20.0, 10
2016/12/14 18:47:03, 19.0, 20.0, 10
2016/12/14 18:52:08, 19.0, 20.0, 10
2016/12/15 06:58:32, 15, 20.0, 10
2016/12/15 07:03:37, 15, 20.0, 10
2016/12/15 07:08:37, 15, 20.0, 10
2016/12/15 07:13:37, 15, 20.0, 10
2016/12/15 07:18:37, 15, 20.0, 10
2016/12/15 07:23:37, 15, 20.0, 10
2016/12/15 07:28:37, 15, 20.0, 10
2016/12/15 07:33:37, 15, 20.0, 10
2016/12/15 07:38:38, 19.0, 20.0, 10
2016/12/15 07:43:38, 19.0, 20.0, 10
2016/12/15 07:48:38, 19.0, 20.0, 10
2016/12/15 07:53:38, 19.0, 20.0, 10
2016/12/15 07:58:38, 19.0, 20.0, 10
2016/12/15 08:03:38, 17.5, 20.0, 10
2016/12/15 08:08:38, 17.5, 20.0, 10
2016/12/15 08:13:38, 17.5, 20.0, 10
2016/12/15 08:18:38, 17.5, 20.0, 10
2016/12/15 08:23:38, 17.5, 20.0, 10
2016/12/15 08:28:38, 17.5, 20.0, 10
2016/12/15 08:33:38, 17.5, 20.0, 10
2016/12/15 08:38:38, 17.5, 20.0, 10
2016/12/15 08:43:38, 17.5, 20.0, 10
2016/12/15 08:48:38, 17.5, 20.0, 10
2016/12/15 08:53:38, 17.5, 20.0, 10
2016/12/15 08:58:39, 17.5, 20.0, 10
2016/12/15 09:03:39, 17.5, 20.0, 10
2016/12/15 09:08:39, 17.5, 20.0, 10
2016/12/15 09:13:39, 17.5, 20.0, 10
2016/12/15 09:18:39, 17.5, 20.0, 10
2016/12/15 09:23:39, 17.5, 20.0, 10
2016/12/15 09:28:39, 17.5, 20.0, 10
2016/12/15 09:33:39, 17.5, 20.0, 10
2016/12/15 09:38:39, 17.5, 20.0, 10
2016/12/15 09:43:39, 17.5, 20.0, 10
2016/12/15 09:48:39, 17.5, 20.0, 10
2016/12/15 09:53:39, 17.5, 20.0, 10
2016/12/15 09:58:40, 17.5, 20.0, 10
2016/12/15 10:03:40, 17.5, 20.0, 10
2016/12/15 10:08:40, 17.5, 20.0, 10
2016/12/15 10:13:40, 17.5, 20.0, 10
2016/12/15 10:18:40, 17.5, 20.0, 10
2016/12/15 10:23:40, 17.5, 20.0, 10
2016/12/15 10:28:40, 17.5, 20.0, 10
2016/12/15 10:33:40, 17.5, 20.0, 10
2016/12/15 10:38:40, 17.5, 20.0, 10
2016/12/15 10:43:40, 17.5, 20.0, 10
2016/12/15 10:48:41, 17.5, 20.0, 10
2016/12/15 10:53:41, 19.0, 20.0, 10
2016/12/15 10:58:41, 19.0, 20.0, 10
2016/12/15 11:03:41, 19.0, 20.0, 10
2016/12/15 11:08:41, 19.0, 20.0, 10
2016/12/15 11:13:41, 19.0, 20.0, 10
2016/12/15 11:18:41, 19.0, 20.0, 10
2016/12/15 11:23:41, 19.0, 20.0, 10
2016/12/15 11:28:41, 19.0, 20.0, 10
2016/12/15 11:33:41, 19.0, 20.0, 10
2016/12/15 11:38:41, 19.0, 20.0, 10
2016/12/15 11:43:41, 19.0, 20.0, 10
2016/12/15 11:48:41, 19.0, 20.0, 10
2016/12/15 11:53:41, 19.0, 20.0, 10
2016/12/15 11:58:41, 19.0, 20.0, 10
2016/12/15 12:03:41, 19.0, 20.0, 10
2016/12/15 12:08:41, 19.0, 20.0, 10
2016/12/15 12:13:42, 19.0, 20.0, 10
2016/12/15 12:18:42, 19.0, 20.0, 10
2016/12/15 12:23:42, 19.0, 20.0, 10
2016/12/15 12:28:42, 19.0, 20.0, 10
2016/12/15 12:33:42, 19.0, 20.0, 10
2016/12/15 12:38:42, 19.0, 20.0, 10
2016/12/15 12:43:42, 19.0, 20.0, 10
2016/12/15 12:48:42, 19.0, 20.0, 10
2016/12/15 12:53:42, 19.0, 20.0, 10
2016/12/15 12:58:42, 19.0, 20.0, 10
2016/12/15 13:03:42, 19.0, 20.0, 10
2016/12/15 13:08:42, 19.0, 20.0, 10
2016/12/15 13:13:42, 19.0, 20.0, 10
2016/12/15 13:18:42, 19.0, 20.0, 10
2016/12/15 13:23:43, 19.0, 20.0, 10
2016/12/15 13:28:43, 19.0, 20.0, 10
2016/12/15 13:33:43, 19.0, 20.0, 10
2016/12/15 13:38:43, 19.0, 20.0, 10
2016/12/15 13:43:43, 19.0, 20.0, 10
2016/12/15 13:48:43, 19.0, 20.0, 10
2016/12/15 13:53:43, 19.0, 20.0, 10
2016/12/15 13:58:43, 19.0, 20.0, 10
2016/12/15 14:03:43, 19.0, 20.0, 10
2016/12/15 14:08:43, 19.0, 20.0, 10
2016/12/15 14:13:43, 19.0, 20.0, 10
2016/12/15 14:18:43, 19.0, 20.0, 10
2016/12/15 14:23:43, 19.0, 20.0, 10
2016/12/15 14:28:43, 19.0, 20.0, 10
2016/12/15 14:33:43, 19.0, 20.0, 10
2016/12/15 14:38:43, 19.0, 20.0, 10
2016/12/15 14:43:44, 19.0, 20.0, 10
2016/12/15 14:48:44, 19.0, 20.0, 10
2016/12/15 14:53:44, 19.0, 20.0, 10
2016/12/15 14:58:44, 19.0, 20.0, 10
2016/12/15 15:03:44, 19.0, 20.0, 10
2016/12/15 15:08:44, 19.0, 20.0, 10
2016/12/15 15:13:44, 19.0, 20.0, 10
2016/12/15 15:18:44, 19.0, 20.0, 10
2016/12/15 15:23:44, 19.0, 20.0, 10
2016/12/15 15:28:44, 19.0, 20.0, 10
2016/12/15 15:33:44, 19.0, 20.0, 10
2016/12/15 15:38:45, 19.0, 20.0, 10
2016/12/15 15:43:45, 19.0, 20.0, 10
2016/12/15 15:48:45, 19.0, 20.0, 10
2016/12/15 15:53:45, 19.0, 20.0, 10
2016/12/15 15:58:45, 19.0, 20.0, 10
2016/12/15 16:03:45, 19.0, 20.0, 10
2016/12/15 16:08:45, 19.0, 20.0, 10
2016/12/15 16:13:45, 19.0, 20.0, 10
2016/12/15 16:18:45, 19.0, 20.0, 10
2016/12/15 16:23:45, 19.0, 20.0, 10
2016/12/15 16:28:46, 19.0, 20.0, 10
2016/12/15 16:33:46, 19.0, 20.0, 10
2016/12/15 16:38:46, 19.0, 20.0, 10
2016/12/15 16:43:46, 19.0, 20.0, 10
2016/12/15 16:48:46, 19.0, 20.0, 10
2016/12/15 16:53:46, 19.0, 20.0, 10
2016/12/15 16:58:46, 19.0, 20.0, 10
2016/12/15 17:03:46, 19.0, 20.0, 10
2016/12/15 17:08:51, 19.0, 20.0, 10
2016/12/15 17:13:51, 19.0, 20.0, 10
2016/12/15 17:18:51, 19.0, 20.0, 10
2016/12/15 17:23:51, 19.0, 20.0, 10
2016/12/15 17:28:51, 19.0, 20.0, 10
2016/12/15 17:33:52, 19.0, 20.0, 10
2016/12/15 17:38:52, 19.0, 20.0, 10
2016/12/15 17:43:57, 19.0, 20.0, 10
2016/12/15 17:48:57, 19.0, 20.0, 10
2016/12/15 17:54:02, 19.0, 20.0, 10
2016/12/15 17:59:02, 19.0, 20.0, 10
2016/12/15 18:04:07, 19.0, 20.0, 10
2016/12/15 18:09:07, 19.0, 20.0, 10
2016/12/15 18:14:07, 19.0, 20.0, 10
2016/12/15 18:19:07, 19.0, 20.0, 10
2016/12/15 18:24:12, 19.0, 20.0, 10
2016/12/15 18:29:12, 19.0, 20.0, 10
2016/12/15 18:34:12, 19.0, 20.0, 10
2016/12/15 18:39:12, 19.0, 20.0, 10
2016/12/15 18:44:12, 19.0, 20.0, 10
2016/12/15 18:49:12, 19.0, 20.0, 10
2016/12/15 18:54:12, 19.0, 20.0, 10
2016/12/15 18:59:12, 19.0, 20.0, 10
2016/12/15 19:04:13, 19.0, 20.0, 10
2016/12/15 19:09:13, 19.0, 20.0, 10
2016/12/15 19:14:13, 19.0, 20.0, 10
2016/12/15 19:19:13, 19.0, 20.0, 10
2016/12/15 19:24:13, 19.0, 20.0, 10
2016/12/15 19:29:13, 19.0, 20.0, 10
2016/12/15 19:34:13, 19.0, 20.0, 10
2016/12/15 19:39:13, 19.0, 20.0, 10
2016/12/15 19:44:13, 19.0, 20.0, 10
2016/12/15 19:49:13, 19.0, 20.0, 10
2016/12/15 19:54:13, 19.0, 20.0, 10
2016/12/15 19:59:13, 19.0, 20.0, 10
2016/12/15 20:04:13, 19.0, 20.0, 10
2016/12/15 20:09:13, 19.0, 20.0, 10
2016/12/15 20:14:13, 19.0, 20.0, 10
2016/12/15 20:19:13, 19.0, 20.0, 10
2016/12/15 20:24:13, 19.0, 20.0, 10
2016/12/15 20:29:13, 19.0, 20.0, 10
2016/12/15 20:34:14, 19.0, 20.0, 10
2016/12/15 20:39:14, 19.0, 20.0, 10
2016/12/15 20:44:14, 19.0, 20.0, 10
2016/12/15 20:49:14, 19.0, 20.0, 10
2016/12/15 20:54:14, 19.0, 20.0, 10
2016/12/15 20:59:19, 19.0, 20.0, 10
2016/12/15 21:04:24, 19.0, 20.0, 10
2016/12/15 21:09:24, 19.0, 20.0, 10
2016/12/15 21:14:24, 19.0, 20.0, 10
2016/12/15 21:19:24, 19.0, 20.0, 10
2016/12/15 21:24:24, 19.0, 20.0, 10
2016/12/15 21:29:24, 19.0, 20.0, 10
2016/12/15 21:34:24, 18.0, 20.0, 10
2016/12/15 21:39:24, 18.0, 20.0, 10
2016/12/15 21:44:24, 18.0, 20.0, 10
2016/12/15 21:49:24, 18.0, 20.0, 10
2016/12/15 22:04:46, 18.0, 20.0, 10
2016/12/15 22:09:51, 18.0, 20.0, 10
2016/12/15 22:14:51, 18.0, 20.0, 10
2016/12/15 22:23:50, 18.0, 20.0, 10
2016/12/15 22:28:50, 18.0, 20.0, 10
2016/12/15 22:33:51, 18.0, 20.0, 10
2016/12/15 22:38:51, 18.0, 20.0, 10
2016/12/15 22:43:51, 18.0, 20.0, 10
2016/12/15 22:48:51, 18.0, 20.0, 10
2016/12/15 22:53:51, 18.0, 20.0, 10
2016/12/15 22:58:51, 18.0, 20.0, 10
2016/12/15 23:03:51, 18.0, 20.0, 10
2016/12/15 23:08:51, 18.0, 20.0, 10
2016/12/15 23:13:51, 18.0, 20.0, 10
2016/12/15 23:18:51, 18.0, 20.0, 10
2016/12/15 23:23:51, 18.0, 20.0, 10
2016/12/15 23:28:51, 18.0, 20.0, 10
2016/12/15 23:33:51, 18.0, 20.0, 10
2016/12/15 23:38:51, 18.0, 20.0, 10
2016/12/15 23:43:51, 18.0, 20.0, 10
2016/12/15 23:48:51, 18.0, 20.0, 10
2016/12/15 23:53:52, 18.0, 20.0, 10
2016/12/15 23:58:57, 18.0, 20.0, 10
2016/12/16 00:03:57, 18.0, 20.0, 10
2016/12/16 00:08:57, 18.0, 20.0, 10
2016/12/16 00:13:57, 18.0, 20.0, 10
2016/12/16 00:18:57, 18.0, 20.0, 10
2016/12/16 00:23:57, 18.0, 20.0, 10
2016/12/16 00:28:57, 18.0, 20.0, 10
2016/12/16 00:33:57, 18.0, 20.0, 10
2016/12/16 00:38:57, 18.0, 20.0, 10
2016/12/16 00:43:57, 18.0, 20.0, 10
2016/12/16 00:48:57, 18.0, 20.0, 10
2016/12/16 00:53:57, 18.0, 20.0, 10
2016/12/16 00:58:57, 18.0, 20.0, 10
2016/12/16 01:03:57, 18.0, 20.0, 10
2016/12/16 01:08:57, 18.0, 20.0, 10
2016/12/16 01:13:57, 18.0, 20.0, 10
2016/12/16 01:18:57, 18.0, 20.0, 10
2016/12/16 01:23:58, 18.0, 20.0, 10
2016/12/16 01:28:58, 18.0, 20.0, 10
2016/12/16 01:34:03, 18.0, 20.0, 10
2016/12/16 01:39:03, 18.0, 20.0, 10
2016/12/16 01:44:03, 18.0, 20.0, 10
2016/12/16 01:49:08, 18.0, 20.0, 10
2016/12/16 01:54:08, 18.0, 20.0, 10
2016/12/16 01:59:08, 18.0, 20.0, 10
2016/12/16 02:05:08, 18.0, 20.0, 10
2016/12/16 02:10:08, 18.0, 20.0, 10
2016/12/16 02:15:08, 18.0, 20.0, 10
2016/12/16 02:20:08, 18.0, 20.0, 10
2016/12/16 02:25:08, 18.0, 20.0, 10
2016/12/16 02:30:08, 18.0, 20.0, 10
2016/12/16 02:35:13, 18.0, 20.0, 10
2016/12/16 02:40:13, 18.0, 20.0, 10
2016/12/16 02:45:13, 18.0, 20.0, 10
2016/12/16 02:50:13, 18.0, 20.0, 10
2016/12/16 02:55:13, 18.0, 20.0, 10
2016/12/16 03:00:18, 18.0, 20.0, 10
2016/12/16 03:05:18, 18.0, 20.0, 10
2016/12/16 03:10:18, 18.0, 20.0, 10
2016/12/16 03:15:18, 18.0, 20.0, 10
2016/12/16 03:20:18, 18.0, 20.0, 10
2016/12/16 03:25:18, 18.0, 20.0, 10
2016/12/16 03:30:18, 18.0, 20.0, 10
2016/12/16 03:35:18, 18.0, 20.0, 10
2016/12/16 03:40:18, 18.0, 20.0, 10
2016/12/16 03:45:18, 18.0, 20.0, 10
2016/12/16 03:50:18, 18.0, 20.0, 10
2016/12/16 03:55:19, 18.0, 20.0, 10
2016/12/16 04:00:20, 18.0, 20.0, 10
2016/12/16 04:05:20, 18.0, 20.0, 10
2016/12/16 04:10:20, 18.0, 20.0, 10
2016/12/16 04:15:20, 18.0, 20.0, 10
2016/12/16 04:20:20, 18.0, 20.0, 10
2016/12/16 04:25:20, 18.0, 20.0, 10
2016/12/16 04:30:20, 18.0, 20.0, 10
2016/12/16 04:35:20, 18.0, 20.0, 10
2016/12/16 04:40:20, 18.0, 20.0, 10
2016/12/16 04:45:20, 18.0, 20.0, 10
2016/12/16 04:50:20, 18.0, 20.0, 10
2016/12/16 04:55:20, 18.0, 20.0, 10
2016/12/16 05:00:23, 18.0, 20.0, 10
2016/12/16 05:05:23, 18.0, 20.0, 10
2016/12/16 05:10:23, 18.0, 20.0, 10
2016/12/16 05:15:23, 18.0, 20.0, 10
2016/12/16 05:20:23, 18.0, 20.0, 10
2016/12/16 05:25:23, 18.0, 20.0, 10
2016/12/16 05:30:23, 18.0, 20.0, 10
2016/12/16 05:35:23, 18.0, 20.0, 10
2016/12/16 05:40:23, 18.0, 20.0, 10
2016/12/16 05:45:23, 18.0, 20.0, 10
2016/12/16 05:50:24, 18.0, 20.0, 10
2016/12/16 05:55:24, 18.0, 20.0, 10
2016/12/16 06:00:24, 18.5, 20.0, 10
2016/12/16 06:05:24, 18.5, 20.0, 10
2016/12/16 06:10:24, 18.5, 20.0, 10
2016/12/16 06:15:24, 18.5, 20.0, 10
2016/12/16 06:20:24, 18.5, 20.0, 10
2016/12/16 06:25:24, 18.5, 20.0, 10
2016/12/16 06:30:24, 18.5, 20.0, 10
2016/12/16 06:35:24, 18.5, 20.0, 10
2016/12/16 06:40:24, 18.5, 20.0, 10
2016/12/16 06:45:24, 18.5, 20.0, 10
2016/12/16 06:50:24, 18.5, 20.0, 10
2016/12/16 06:55:24, 18.5, 20.0, 10
2016/12/16 07:00:24, 18.5, 20.0, 10
2016/12/16 07:05:24, 18.5, 20.0, 10
2016/12/16 07:10:25, 18.5, 20.0, 10
2016/12/16 07:15:25, 18.5, 20.0, 10
2016/12/16 07:20:25, 18.5, 20.0, 10
2016/12/16 07:25:25, 18.5, 20.0, 10
2016/12/16 07:28:48, 18.5, 20.0, 10
2016/12/16 07:33:48, 18.5, 20.0, 10
2016/12/16 07:38:48, 18.5, 20.0, 10
2016/12/16 07:43:48, 17.5, 20.0, 10
2016/12/16 07:48:53, 17.5, 20.0, 10
2016/12/16 07:53:53, 17.5, 20.0, 10
2016/12/16 07:58:58, 17.5, 20.0, 10
2016/12/16 08:03:58, 17.5, 20.0, 10
2016/12/16 08:08:58, 17.5, 20.0, 10
2016/12/16 08:13:58, 17.5, 20.0, 10
2016/12/16 08:18:58, 17.5, 20.0, 10
2016/12/16 08:23:58, 17.5, 20.0, 10
2016/12/16 08:28:58, 17.5, 20.0, 10
2016/12/16 08:33:58, 17.5, 20.0, 10
2016/12/16 08:38:58, 17.5, 20.0, 10
2016/12/16 08:44:03, 17.5, 20.0, 10
2016/12/16 08:49:08, 17.5, 20.0, 10
2016/12/16 08:54:08, 17.5, 20.0, 10
2016/12/16 08:59:08, 17.5, 20.0, 10
2016/12/16 09:04:08, 17.5, 20.0, 10
2016/12/16 09:09:09, 17.5, 20.0, 10
2016/12/16 09:14:13, 17.5, 20.0, 10
2016/12/16 09:19:13, 17.5, 20.0, 10
2016/12/16 09:24:14, 17.5, 20.0, 10
2016/12/16 09:29:14, 17.5, 20.0, 10
2016/12/16 09:34:14, 17.5, 20.0, 10
2016/12/16 09:39:14, 17.5, 20.0, 10
2016/12/16 09:44:14, 17.5, 20.0, 10
2016/12/16 09:49:14, 17.5, 20.0, 10
2016/12/16 09:54:14, 17.5, 20.0, 10
2016/12/16 09:59:19, 17.5, 20.0, 10
2016/12/16 10:04:19, 17.5, 20.0, 10
2016/12/16 10:09:19, 17.5, 20.0, 10
2016/12/16 10:14:19, 17.5, 20.0, 10
2016/12/16 10:19:19, 17.5, 20.0, 10
2016/12/16 10:24:19, 17.5, 20.0, 10
2016/12/16 10:29:19, 17.5, 20.0, 10
2016/12/16 10:34:19, 17.5, 20.0, 10
2016/12/16 10:39:19, 17.5, 20.0, 10
2016/12/16 10:44:19, 17.5, 20.0, 10
2016/12/16 10:49:19, 17.5, 20.0, 10
2016/12/16 10:54:20, 17.5, 20.0, 10
2016/12/16 10:59:20, 17.5, 20.0, 10
2016/12/16 11:04:25, 17.5, 20.0, 10
2016/12/16 11:09:25, 17.5, 20.0, 10
2016/12/16 11:14:25, 17.5, 20.0, 10
2016/12/16 11:19:25, 17.5, 20.0, 10
2016/12/16 11:24:25, 17.5, 20.0, 10
2016/12/16 11:29:25, 17.5, 20.0, 10
2016/12/16 11:34:25, 17.5, 20.0, 10
2016/12/16 11:39:25, 17.5, 20.0, 10
2016/12/16 11:44:25, 17.5, 20.0, 10
2016/12/16 11:49:25, 17.5, 20.0, 10
2016/12/16 11:54:25, 17.5, 20.0, 10
2016/12/16 11:59:25, 17.5, 20.0, 10
2016/12/16 12:04:30, 17.5, 20.0, 10
2016/12/16 12:09:35, 17.5, 20.0, 10
2016/12/16 12:14:35, 17.5, 20.0, 10
2016/12/16 12:19:35, 17.5, 20.0, 10
2016/12/16 12:24:40, 17.5, 20.0, 10
2016/12/16 12:29:45, 17.5, 20.0, 10
2016/12/16 12:34:45, 17.5, 20.0, 10
2016/12/16 12:39:45, 17.5, 20.0, 10
2016/12/16 12:44:45, 17.5, 20.0, 10
2016/12/16 12:49:45, 17.5, 20.0, 10
2016/12/16 12:54:45, 17.5, 20.0, 10
2016/12/16 12:59:45, 17.5, 20.0, 10
2016/12/16 13:04:45, 17.5, 20.0, 10
2016/12/16 13:09:45, 17.5, 20.0, 10
2016/12/16 13:14:50, 17.5, 20.0, 10
2016/12/16 13:19:50, 17.5, 20.0, 10
2016/12/16 13:24:50, 17.5, 20.0, 10
2016/12/16 13:29:50, 17.5, 20.0, 10
2016/12/16 13:34:50, 17.5, 20.0, 10
2016/12/16 13:39:50, 17.5, 20.0, 10
2016/12/16 13:44:50, 17.5, 20.0, 10
2016/12/16 13:49:55, 17.5, 20.0, 10
2016/12/16 13:54:55, 17.5, 20.0, 10
2016/12/16 13:59:55, 17.5, 20.0, 10
2016/12/16 14:05:00, 17.5, 20.0, 10
2016/12/16 14:10:00, 17.5, 20.0, 10
2016/12/16 14:15:00, 17.5, 20.0, 10
2016/12/16 14:20:00, 17.5, 20.0, 10
2016/12/16 14:25:01, 17.5, 20.0, 10
2016/12/16 14:30:01, 17.5, 20.0, 10
2016/12/16 14:35:01, 17.5, 20.0, 10
2016/12/16 14:40:01, 17.5, 20.0, 10
2016/12/16 14:45:01, 17.5, 20.0, 10
2016/12/16 14:50:01, 17.5, 20.0, 10
2016/12/16 14:55:01, 17.5, 20.0, 10
2016/12/16 15:00:01, 17.5, 20.0, 10
2016/12/16 15:05:01, 17.5, 20.0, 10
2016/12/16 15:10:01, 17.5, 20.0, 10
2016/12/16 15:15:06, 17.5, 20.0, 10
2016/12/16 15:20:06, 17.5, 20.0, 10
2016/12/16 15:25:11, 17.5, 20.0, 10
2016/12/16 15:30:11, 17.5, 20.0, 10
2016/12/16 15:35:16, 17.5, 20.0, 10
2016/12/16 15:40:16, 17.5, 20.0, 10
2016/12/16 15:45:16, 17.5, 20.0, 10
2016/12/16 15:50:16, 17.5, 20.0, 10
2016/12/16 15:55:16, 17.5, 20.0, 10
2016/12/16 16:00:16, 17.5, 20.0, 10
2016/12/16 16:05:16, 17.5, 20.0, 10
2016/12/16 16:10:16, 17.5, 20.0, 10
2016/12/16 16:15:16, 17.5, 20.0, 10
2016/12/16 16:20:16, 17.5, 20.0, 10
2016/12/16 16:25:16, 17.5, 20.0, 10
2016/12/16 16:30:16, 19.0, 20.0, 10
2016/12/16 16:35:16, 19.0, 20.0, 10
2016/12/16 16:40:17, 19.0, 20.0, 10
2016/12/16 16:45:17, 19.0, 20.0, 10
2016/12/16 16:50:17, 19.0, 20.0, 10
2016/12/16 16:55:17, 19.0, 20.0, 10
2016/12/16 17:00:17, 19.0, 20.0, 10
2016/12/16 17:05:17, 19.0, 20.0, 10
2016/12/16 17:10:17, 19.0, 20.0, 10
2016/12/16 17:15:22, 19.0, 20.0, 10
2016/12/16 17:20:22, 19.0, 20.0, 10
2016/12/16 17:25:22, 19.0, 20.0, 10
2016/12/16 17:30:22, 19.0, 20.0, 10
2016/12/16 17:35:22, 19.0, 20.0, 10
2016/12/16 17:40:22, 19.0, 20.0, 10
2016/12/16 17:45:22, 19.0, 20.0, 10
2016/12/16 17:50:22, 19.0, 20.0, 10
2016/12/16 17:55:22, 19.0, 20.0, 10
2016/12/16 18:00:27, 19.0, 20.0, 10
2016/12/16 18:05:27, 19.0, 20.0, 10
2016/12/16 18:10:27, 19.0, 20.0, 10
2016/12/16 18:15:32, 19.0, 20.0, 10
2016/12/16 18:20:32, 19.0, 20.0, 10
2016/12/16 18:25:37, 19.0, 20.0, 10
2016/12/16 18:30:37, 19.0, 20.0, 10
2016/12/16 18:35:37, 19.0, 20.0, 10
2016/12/16 18:40:37, 19.0, 20.0, 10
2016/12/16 18:45:38, 19.0, 20.0, 10
2016/12/16 18:50:38, 19.0, 20.0, 10
2016/12/16 18:55:38, 19.0, 20.0, 10
2016/12/16 19:00:43, 19.0, 20.0, 10
2016/12/16 19:05:48, 19.0, 20.0, 10
2016/12/16 19:10:48, 19.0, 20.0, 10
2016/12/16 19:15:48, 19.0, 20.0, 10
2016/12/16 19:20:48, 19.0, 20.0, 10
2016/12/16 19:25:48, 19.0, 20.0, 10
2016/12/16 19:30:48, 19.0, 20.0, 10
2016/12/16 19:35:53, 19.0, 20.0, 10
2016/12/16 19:40:53, 19.0, 20.0, 10
2016/12/16 19:45:53, 19.0, 20.0, 10
2016/12/16 19:50:53, 19.0, 20.0, 10
2016/12/16 19:55:53, 19.0, 20.0, 10
2016/12/16 20:00:58, 19.0, 20.0, 10
2016/12/16 20:05:58, 19.0, 20.0, 10
2016/12/16 20:18:46, 19.0, 20.0, 10
2016/12/16 20:23:46, 19.0, 20.0, 10
2016/12/16 20:37:11, 15, 20.0, 10
